Categoría;Subcategoria;Producto;Precio;
Mujer;?;Botín ALMA;45,90 €;
Mujer;?;Botín ALMA;45,90 €;
Mujer;?;Botín STORM;49,90 €;
Mujer;?;Botín STIRM;49,90 €;
Mujer;?;Mochila BERGAN;39,90 €;
Mujer;?;Mochila MANTU;39,90 €;
Mujer;?;Bota MAYA;55,90 €;
Mujer;?;Bota MAKA;59,90 €;
Mujer;?;Bota ANUBIS;49,90 €;
Mujer;?;Bota ANUBIS;49,90 €;
Mujer;?;Botín PERSEAM;49,90 €;
Mujer;?;Botín BESSI;49,90 €;
Mujer;?;Bolso LACIO;36,90 €;
Mujer;?;Bolso bandolera CAPRI;36,90 €;
Mujer;?;Botín ROCK;55,90 €;
Mujer;?;Botín GLAMI;55,90 €;
Mujer;?;Botín GLAMI;55,90 €;
Mujer;?;Deportiva COLI;39,90 €;
Mujer;?;Deportiva COLI;39,90 €;
Mujer;?;Deportiva JOGGO;39,90 €;
Mujer;?;Deportiva CAM;39,90 €;
Mujer;?;Deportiva CAM;39,90 €;
Mujer;?;Deportiva LARA;45,90 €;
Mujer;?;Mochila MASALA;39,90 €;
Mujer;?;Mochila MASALA;39,90 €;
Mujer;?;Bota MIRIANA;55,90 €;
Mujer;?;Botín NEW CLODE;49,90 €;
Mujer;?;Bota CASIO;99,90 €;
Mujer;?;Botín PERSEAM;49,90 €;
Mujer;?;Botín PERSEAM;49,90 €;
Mujer;?;Botín TACANA;49,90 €;
Mujer;?;Botín ALMA;45,90 €;
Mujer;?;Zapato BASS;39,90 €;
Mujer;?;Zapato ANI;36,90 €;
Mujer;?;Botín PANA;39,90 €;
Mujer;?;Botín PANA;39,90 €;
Mujer;?;BOTÍN PASS;39,90 €;
Mujer;?;Botín LISON;55,90 €;
Mujer;?;Bolso bandolera LIVA;29,90 €;
Mujer;?;Bolso bandolera LIVA;29,90 €;
Mujer;?;Bolso LACIO;36,90 €;
Mujer;?;Bolso bandolera CAPRI;36,90 €;
Mujer;?;Deportiva CORE;39,90 €;
Mujer;?;Deportiva LARA;45,90 €;
Mujer;?;Deportiva PERDANG;39,90 €;
Mujer;?;Deportiva PERDANG;39,90 €;
Mujer;?;Deportiva BIGGER-K;29,90 €;
Mujer;?;Deportiva ARIA;29,90 €;
Mujer;?;Bota alta CASIO;99,90 €;
Mujer;?;Bota serraje MARILYN;99,90 €;
Mujer;?;Bota MYRA;99,90 €;
Mujer;?;Botín CALIO;89,90 €;
Mujer;?;Botín CASIONE;89,90 €;
Mujer;?;Bolso bandolera MESINA;36,90 €;
Mujer;?;Bolso bandolera MESINA;36,90 €;
Mujer;?;Botín CASIONE;89,90 €;
Mujer;?;Bolso ANTRAM;45,90 €;
Mujer;?;Bolso ROMA;36,90 €;
Mujer;?;Bolso RIMINI;45,90 €;
Mujer;?;Bolso de bandolera BARI;36,90 €;
Mujer;?;Bota ARES;99,90 €;
Mujer;?;Bota MYRA;99,90 €;
Mujer;?;Bota TEO;99,90 €;
Mujer;?;Bota MARILYN;99,90 €;
Mujer;?;Bota MYRA;99,90 €;
Mujer;?;Bota CENTA;99,90 €;
Mujer;?;Bota CENTA;99,90 €;
Mujer;?;Botín COSMO;89,90 €;
Mujer;?;Bota NEWCOSMO;89,90 €;
Mujer;?;Botín CAMPANI;49,90 €;
Mujer;?;Bota ARES;99,90 €;
Mujer;?;Bota TEO;99,90 €;
Mujer;?;Bota serraje ARES;89,90 €;
Mujer;?;BOTA ARES;99,90 €;
Mujer;?;Bota serraje ARES;89,90 €;
Mujer;?;Botín WESTER;89,90 €;
Mujer;?;Botín SYRA;89,90 €;
Mujer;?;Deportiva TEMI;36,90 €;
Mujer;?;Deportiva SAONA;45,90 €;
Mujer;?;Deportiva LAMBY;49,90 €;
Mujer;?;Deportiva ACTIOM;29,90 €;
Mujer;?;Deportiva ACTIOM;29,90 €;
Mujer;?;Deportiva WHIEL;39,90 €;
Mujer;?;Dpeortiva CORE;39,90 €;
Mujer;?;Deportiva CAM;39,90 €;
Mujer;?;Bolso bandolera EMILIA;36,90 €;
Mujer;?;Zapato ALISE;45,90 €;
Mujer;?;Zapato GLASI;45,90 €;
Mujer;?;Zapatos GLANY;45,90 €;
Mujer;?;Zapato GLASI;45,90 €;
Mujer;?;Botín CLOSE;49,90 €;
Mujer;?;Botín STORMI;49,90 €;
Mujer;?;Botín CALM;49,90 €;
Mujer;?;Botín SAGITTI;49,90 €;
Mujer;?;BOTÍN LAIMA;49,90 €;
Mujer;?;Botín ERIS;45,90 €;
Mujer;?;Bota FENTA;59,90 €;
Mujer;?;Bota RIANA;55,90 €;
Mujer;?;Deportiva LANA;45,90 €;
Mujer;?;Deportiva LANA;45,90 €;
Mujer;?;Deportiva ROSSI;49,90 €;
Mujer;?;Deportiva CAM;39,90 €;
Mujer;?;Deportiva PERDANG;39,90 €;
Mujer;?;Deportiva CAM;39,90 €;
Mujer;?;Bolso ROMA;36,90 €;
Mujer;?;Bolso GRAPPA;39,90 €;
Mujer;?;Bota LENA;59,90 €;
Mujer;?;Bota LANSA;59,90 €;
Mujer;?;Bota ALISON;59,90 €;
Mujer;?;Botín LAMBRA;49,90 €;
Mujer;?;Botín LAMBRA;49,90 €;
Mujer;?;Botín TANUBIS;49,90 €;
Mujer;?;Botín TANUBIS;49,90 €;
Mujer;?;Botín TANUBIS;49,90 €;
Mujer;?;Botín LUNI;49,90 €;
Mujer;?;Bota SAMBRA;55,90 €;
Mujer;?;Deportiva LEO;39,90 €;
Mujer;?;Deportiva ALICE;39,90 €;
Mujer;?;Deportiva ANA;45,90 €;
Mujer;?;Deportivas LANA;39,90 €;
Mujer;?;Deportiva ARIA;29,90 €;
Mujer;?;Bolso de mujer ANCONA;45,90 €;
Mujer;?;Mochila ALBA;39,90 €;
Mujer;?;Bolso MARTIN;45,90 €;
Mujer;?;Bolso bandolera GROSSO;29,90 €;
Mujer;?;Bolso bandolera EMILIA;36,90 €;
Mujer;?;Botín GLAMI;55,90 €;
Mujer;?;Botín BURNY;55,90 €;
Mujer;?;Botín MAYRA;49,90 €;
Mujer;?;Bota NOEL;59,90 €;
Mujer;?;Bota FENTA;59,90 €;
Mujer;?;Bota SAMBRA;55,90 €;
Mujer;?;Bota LANSA;59,90 €;
Mujer;?;Botín NEW PALAS;55,90 €;
Mujer;?;Deportiva MAXI;36,90 €;
Mujer;?;Deportivo JOGGO;39,90 €;
Mujer;?;Deportiva ELLE;36,90 €;
Mujer;?;Deportiva LEXIA;45,90 €;
Mujer;?;Deportiva SAONA;45,90 €;
Mujer;?;Mochila ELBA;39,90 €;
Mujer;?;Mochila ELBA;39,90 €;
Mujer;?;Mochila INSTAN;39,90 €;
Mujer;?;Mochila INSTAN;39,90 €;
Mujer;?;Bolso ASTI;36,90 €;
Mujer;?;Mochila ASTI;36,90 €;
Mujer;?;Bolso STAVIA;42,90 €;
Mujer;?;Bota CELANDIA;99,90 €;
Mujer;?;Bota MYRA;99,90 €;
Mujer;?;Bota CENTA;99,90 €;
Mujer;?;Bota MYRA;99,90 €;
Mujer;?;Botín PANA;39,90 €;
Mujer;?;BOTÍN ERIS;45,90 €;
Mujer;?;Botin VICKY;39,90 €;
Mujer;?;Botín NEW WENDY;49,90 €;
Mujer;?;Deportivas TEMI;36,90 €;
Mujer;?;Deportiva de lona BIGGER-K;29,90 €;
Mujer;?;Deportiva CRIS;39,90 €;
Mujer;?;Deportiva CRIS;39,90 €;
Mujer;?;Deportivos KIMAX;36,90 €;
Mujer;?;Deportiva KIMAX;36,90 €;
Mujer;?;Botín NEW WENDY;49,90 €;
Mujer;?;Botín NEW WENDY;49,90 €;
Mujer;?;BOTÍN GLASS;49,90 €;
Mujer;?;BOTÍN GLASS;49,90 €;
Mujer;?;Botín NEWSESENTA;49,90 €;
Mujer;?;Mochila MANTU;39,90 €;
Mujer;?;Bolso PARMA;45,90 €;
Mujer;?;Bolso PARMA;45,90 €;
Mujer;?;Bolso de mujer LIVORN;36,90 €;
Mujer;?;Bolso de mujer LIVORN;36,90 €;
Mujer;?;Bota LENA;59,90 €;
Mujer;?;BOTA ANUBIS;55,90 €;
Mujer;?;Botin serraje CLEO;79,90 €;
Mujer;?;Botín CLEO;79,90 €;
Mujer;?;Botin DANAE;79,90 €;
Mujer;?;Botín LUNI;49,90 €;
Mujer;?;Botín NOW PALAS;49,90 €;
Mujer;?;BOTÍN KANSAS;89,90 €;
Mujer;?;Deportiva SOMO;39,90 €;
Mujer;?;Deportiva SOMO;39,90 €;
Mujer;?;Deportiva SOMO;39,90 €;
Mujer;?;Deportiva SOMO;39,90 €;
Mujer;?;Deportiva SOMO;39,90 €;
Mujer;?;Deportiva de lona BIGGER-K;29,90 €;
Mujer;?;Botín KANSAS;89,90 €;
Mujer;?;Botín DANAE;89,90 €;
Mujer;?;Bota CELANDIA;99,90 €;
Mujer;?;Bota CENTA;99,90 €;
Mujer;?;Botín NENTA;89,90 €;
Mujer;?;Bota MENSIA;59,90 €;
Mujer;?;Bota MENSIA;59,90 €;
Mujer;?;Botas CASIO;99,90 €;
Mujer;?;BOTÍN SETENTA;55,90 €;
Mujer;?;BOTÍN SETENTA;55,90 €;
Mujer;?;Deportiva LAMBY;49,90 €;
Mujer;?;Deportiva JOGGO;39,90 €;
Mujer;?;Deportiva ROSSI;49,90 €;
Mujer;?;Deportiva CELESTE;45,90 €;
Mujer;?;Deportiva CARROT;49,90 €;
Mujer;?;Deportiva LICE;39,90 €;
Mujer;?;Bolso bandolera FIRENCE;36,90 €;
Mujer;?;Bolso bandolera LIVA;29,90 €;
Mujer;?;Bolso de mujer LIVORN;36,90 €;
Mujer;?;Bolso PALERMO;45,90 €;
Mujer;?;Riñonera FRIULI;29,90 €;
Mujer;?;Bolso TERMOLI;36,90 €;
Mujer;?;Deportiva ALICE;39,90 €;
Mujer;?;Deportivas LANA;49,90 €;
Mujer;?;Deportiva ANA;45,90 €;
Mujer;?;Deportiva CARIER;49,90 €;
Mujer;?;Deportiva CAMBY;49,90 €;
Mujer;?;Deportiva CARROT;49,90 €;
Mujer;?;Deportiva plataforma TOP;49,90 €;
Mujer;?;BOTÍN NUBIS;49,90 €;
Mujer;?;BOTÍN PALIX;49,90 €;
Mujer;?;DEPORTIVA ARIA;45,99 €;
Mujer;?;BOTÍN NEW OESTE;49,90 €;
Mujer;?;BOTÍN NUBIS;49,90 €;
Mujer;?;BOTÍN NEW NAOMI;49,90 €;
Mujer;?;BOTÍN NEW MILA;49,90 €;
Mujer;?;BOTÍN TOSCA;59,90 €;
Mujer;?;BOTÍN SABA;45,99 €;
Mujer;?;Deportiva WAVEY;45,99 €;
Mujer;?;Botín SAYI;45,90 €;
Mujer;?;Zapatillas deportivas LANA;45,99 €;
Mujer;?;Sandalias AMANAS;49,90 €;
Mujer;?;ZAPATO HIGHSCHOOL;39,99 €;
Mujer;?;Bolso TIVOLI;32,90 €;
Mujer;?;BOTÍN ERIS;45,90 €;
Mujer;?;Bota CELANDIA;99,90 €;
Mujer;?;Bota ARES;79,90 €;
Mujer;?;Bolso TERMAL;32,90 €;
Mujer;?;Bolso TERMAL;32,90 €;
Mujer;?;Bolso TERMAL;32,90 €;
Mujer;?;Bolso TERMOLI;36,90 €;
Mujer;?;Botín GLAMSA;49,90 €;
Mujer;?;Botín NEWSESENTA;49,90 €;
Mujer;?;Botín JOIN;49,90 €;
Mujer;?;Deportiva WAVEY;39,90 €;
Mujer;?;DEPORTIVA ALEXIA;39,90 €;
Mujer;?;Deportivas chica ALICE;45,90 €;
Mujer;?;Deportivas FIRE;29,90 €;
Mujer;?;Deportivas JOGGO;59,90 €;
Mujer;?;Bota MYRA;99,90 €;
Mujer;?;Deportiva JOGGO;49,90 €;
Mujer;?;Deportiva FIRE;29,90 €;
Mujer;?;Deportivas JOGGO;45,90 €;
Mujer;?;Deportivas ALEXIA;45,90 €;
Mujer;?;Deportiva ALEXIA;45,90 €;
Mujer;?;Deportiva POLSA;39,90 €;
Mujer;?;Deportiva POLSA;39,90 €;
Mujer;?;Deportivas TANKE;45,90 €;
Mujer;?;Deportiva TEMI;29,90 €;
Mujer;?;BOTA SETENTA;59,90 €;
Mujer;?;Botín WESTER;89,90 €;
Mujer;?;BOTÍN PASS;39,99 €;
Mujer;?;Botín SABA;45,90 €;
Mujer;?;Deportivas LANA;49,90 €;
Mujer;?;Botín BEGO;55,90 €;
Mujer;?;Botín NISS;55,90 €;
Mujer;?;Botín NEW CLODE;49,90 €;
Mujer;?;Botín LISON;55,90 €;
Mujer;?;Botín NOW PALAS;49,90 €;
Mujer;?;Botín NOW PALAS;49,90 €;
Mujer;?;Botín LAMBRA;49,90 €;
Mujer;?;ZAPATO MANA;39,99 €;
Mujer;?;Zapato GLASI;45,90 €;
Mujer;?;Botín SAGITTA;49,90 €;
Mujer;?;ZAPATO GLASS;45,99 €;
Mujer;?;Zapato PANA;35,99 €;
Mujer;?;Zueco CENTI;59,90 €;
Mujer;?;Zapato Oxford MILA;42,99 €;
Mujer;?;Zapatos NAO;45,99 €;
Mujer;?;Zapatos CIRCE;39,99 €;
Mujer;?;Botín SNOWY;39,90 €;
Mujer;?;Botín SNOWY;39,90 €;
Mujer;?;Botín SNOWY;39,90 €;
Mujer;?;Botín CAMPA;49,90 €;
Mujer;?;Botín CAMPA;49,90 €;
Mujer;?;Botín NEW SCHOOL;49,90 €;
Mujer;?;Botín NEW SCHOOL;49,90 €;
Mujer;?;Botín NEW SCHOOL;49,90 €;
Mujer;?;Botín NENTA;89,90 €;
Mujer;?;Botín MIRTA;49,90 €;
Mujer;?;Botín GLAMSA;49,90 €;
Mujer;?;Botín SCORPIUS;49,90 €;
Mujer;?;Botín SABA;45,90 €;
Mujer;?;Botín SYRA;89,90 €;
Mujer;?;Botín CATIO;89,90 €;
Mujer;?;Botín CATIO;89,90 €;
Mujer;?;Deportiva WAVEY;39,99 €;
Mujer;?;Bota RIANA;55,90 €;
Mujer;?;Bolso bandolera BLED;29,99 €;
Mujer;?;Zueco CENTI;59,90 €;
Mujer;?;Deportiva de lona ;23,99 €;
Mujer;?;Deportiva de lona 13991;23,99 €;
Mujer;?;Bota NEW PALAS;55,90 €;
Mujer;?;Botín NEW PALAS;55,90 €;
Mujer;?;Botín NEW PALAS;49,90 €;
Mujer;?;Botín NEW PALAS;49,90 €;
Mujer;?;Deportiva LEO;39,90 €;
Mujer;?;BOTA ARES;99,99 €;
Mujer;?;Botín SORI;45,99 €;
Mujer;?;Botín LEO;?;
Mujer;?;Deportiva TANKE;?;
Mujer;?;Zueco ELA;?;
Mujer;?;Deportivas de lona 13991;23,99 €;
Mujer;?;Deportivas de lona ;23,99 €;
Mujer;?;Deportivas de lona ;23,99 €;
Mujer;?;Botin LEO;?;
Mujer;?;Botín SYRA;89,90 €;
Mujer;?;Deportivo MINAMI;?;
Mujer;?;BOLSO KIELE;?;
Mujer;?;Deportiva DELIA;?;
Mujer;?;MOCHILA PADANG;?;
Mujer;?;BOLSO SUNSET;?;
Mujer;?;BOTIN CLEO;?;
Mujer;?;Deportiva BECK;?;
Mujer;?;BOLSO SUNNY;?;
Mujer;?;Bota MYRA;99,90 €;
Mujer;?;Deportiva TEMI;?;
Mujer;?;BOTA COW;?;
Mujer;?;DEPORTIVA JOGGU;?;
Mujer;?;Bolso ANTRAM;?;
Mujer;?;Bolso ANTRAM;?;
Mujer;?;BOTA SETENTA;?;
Mujer;?;DEPORTIVA JOGG;?;
Mujer;?;BOTA MINAYA;?;
Mujer;?;BOTA ANUBIS;?;
Mujer;?;DEPORTIVA TOP;?;
Mujer;?;BOLSO KAREKA;?;
Mujer;?;DEPORTIVA NANAMI;?;
Mujer;?;DEPORTIVA JOGGU;?;
Mujer;?;Deportivas MAXI;?;
Mujer;?;ZAPATO SABB;?;
Mujer;?;BOTA NAO;?;
Mujer;?;BOTA ARES;99,90 €;
Mujer;?;Bota ARES;?;
Mujer;?;Bota ARES;79,90 €;
Mujer;?;DEPORTIVA JOGG;?;
Mujer;?;DEPORTIVA JOGG;?;
Mujer;?;BOTA MINAYA;?;
Mujer;?;DEPORTIVA TRANI;?;
Mujer;?;DEPORTIVA SERENA;?;
Mujer;?;Bota COMBA;?;
Mujer;?;BOTA ADARA;?;
Mujer;?;BOTA ADARA;?;
Mujer;?;DEPORTIVA TRANSIT;?;
Mujer;?;DEPORTIVA KIMAX;?;
Mujer;?;DEPORTIVA OCEAN;?;
Mujer;?;Zapato GLANY;?;
Mujer;?;Zapato MAYRAS;?;
Mujer;?;Bota MIRIANA;?;
Mujer;?;Bota PANABI;?;
Mujer;?;Bota ALISON;?;
Mujer;?;Bota MENSIA;?;
Mujer;?;Bota MENSIA;?;
Mujer;?;Bota MAKA;?;
Mujer;?;Botas 58964;?;
Mujer;?;Bota ARES;99,90 €;
Mujer;?;Botín BESSI;?;
Mujer;?;Botín MUSCA;?;
Mujer;?;Botín PERSEA;?;
Mujer;?;Botín TACANA;?;
Mujer;?;Botín MIRTA;?;
Mujer;?;Botín NEW CLODE;?;
Mujer;?;Botín NEW CLODE;?;
Mujer;?;Botín GLAMSA;?;
Mujer;?;Botín LISON;?;
Mujer;?;Botín LUNI;?;
Mujer;?;Botín SCORPIUS;?;
Mujer;?;Botín SCORPIUS;?;
Mujer;?;Botín SABA;?;
Mujer;?;Botín MAYRA;?;
Mujer;?;Botín STORMI;?;
Mujer;?;Botín PANA;?;
Mujer;?;Deportivo JOGGO;?;
Mujer;?;Deportiva ALEXIA;?;
Mujer;?;Deportiva ALEXIA;?;
Mujer;?;Deportiva CORE;?;
Mujer;?;Deportiva BIGGER-K;?;
Mujer;?;Deportivas LEXIA;?;
Mujer;?;Deportiva BIGGER-BK;?;
Mujer;?;Deportiva BIGGER-BK;?;
Mujer;?;Deportiva CARIER;?;
Mujer;?;Deportiva LAMBY;?;
Mujer;?;Deportiva LARA;?;
Mujer;?;Deportiva ROSSI;?;
Mujer;?;Deportiva LICE;?;
Mujer;?;Deportiva LICE;?;
Mujer;?;Deportiva CELESTE;?;
Mujer;?;Deportiva SOMO;?;
Mujer;?;Deportiva SOMO;?;
Mujer;?;Deportiva CAM;?;
Mujer;?;Deportiva PERDANG;?;
Mujer;?;Deportiva MAXI;?;
Mujer;?;Mochila FRATA;?;
Mujer;?;Bolso GARDA;?;
Mujer;?;Botín LAMBRA;?;
Mujer;?;Deportiva AIKO;?;
Mujer;?;Deportiva AIKO;?;
Mujer;?;Deportiva AIKO;?;
Mujer;?;Deportiva ANKO;?;
Mujer;?;Deportiva BIGGER-BK;?;
Mujer;?;Deportiva BIGGER-BK;?;
Mujer;?;Deportiva ELLE;?;
Mujer;?;Botas Mujer ;?;
Mujer;?;Botas Mujer ;?;
Mujer;?;Bota CAMBRA;?;
Mujer;?;Bota PENSA;?;
Mujer;?;Bota PENSA;?;
Mujer;?;Bota SAMBRA;?;
Mujer;?;Bota SCORPIUS;?;
Mujer;?;Bota SCORPIUS;?;
Mujer;?;Botín CENTUS;?;
Mujer;?;Botín CENTUS;?;
Mujer;?;Botín GLASS;?;
Mujer;?;Botín MISCA;?;
Mujer;?;Botín MUSCAN;?;
Mujer;?;Botín PANAMA;?;
Mujer;?;Botín PANAMA;?;
Mujer;?;Botín PERSEA;?;
Mujer;?;Botín SAGILA;?;
Mujer;?;Deportiva ALEXIA;?;
Mujer;?;Deportiva AMBY;?;
Mujer;?;Deportiva AMBY;?;
Mujer;?;Deportiva ANKO;?;
Mujer;?;Deportiva CAMBY;?;
Mujer;?;Deportiva LESTE;?;
Mujer;?;Deportiva LESTE;?;
Mujer;?;Deportiva SANAO;?;
Mujer;?;Deportiva SANAO;?;
Mujer;?;Deportiva SARIA;?;
Mujer;?;Deportiva SARIA;?;
Mujer;?;Botín CALME;?;
Mujer;?;Botas Mujer ;?;
Mujer;?;Botas ARES;?;
Mujer;?;Bota CELANDIA;?;
Mujer;?;Bota CENTA;99,90 €;
Mujer;?;Bota CENTULI;?;
Mujer;?;Bota CENTULI;?;
Mujer;?;Bota TEO;?;
Mujer;?;Bota TEO;?;
